Source,Target
5,6
6,7
7,8
8,9
9,10
10,20
20,30
30,40
40,50
50,60
60,70
70,80
80,90
90,100
9,19
19,29
29,39
39,49
49,59
59,69
69,79
79,89
89,99
8,18
18,28
28,38
38,48
48,58
58,68
68,78
78,88
88,98
7,17
17,27
27,37
37,47
47,57
57,67
67,77
77,87
87,97
6,16
16,26
26,36
36,46
46,56
56,66
66,76
76,86
86,96
5,15
15,25
25,35
35,45
45,55
55,65
65,75
75,85
85,95
